ID,Title,Summary,Date,Writer
4874447,[단독] '일당백집사' 이번주 결방…이태원 참사 애도,"'일당백집사'가 이번 주 결방하며 이태원 참사를 애도한다. 31일 MBC 수목드라마 '일당백집사'(극본 이선혜, 연출 심소연 박선영) 관계자는 매일경제 스타투...",2022-10-31 18:00,김소연
4874322,박세리 “이태원 참사...상상 못할 가슴 아픈 일” 애도,골프스타 출신 박세리가 ‘이태원 참사’에 깊은 애도의 뜻을 표했다. 31일 박세리는 자신의 인스타그램에 “상상할 수도 없는 가슴 아픈 일이 일어났습니다”며 “한...,2022-10-31 16:10,한현정
4874419,크러쉬 콘서트 예매오픈 연기 '애도',가수 크러쉬가 이태원 참사를 애도하며 콘서트 티켓 예매 일정을 연기했다. 크러쉬 소속사 피네이션은 31일 공식입장을 통해 이태원 참사에 대한 애도를 표하고 단독...,2022-10-31 17:42,박세연
4874439,"[포토] BTS 진, 슬리퍼 신고 편안하게",그룹 방탄소년단(BTS) 진이 콜드플레이의 월드투어 '뮤직 오브 더 스피어스(MUSIC of the SPHERES)'에 참석한 후 31일 오후 인천국제공항을 통...,2022-10-31 17:54,강영국
4874371,"'1박2일' 핼러윈 콘셉트 촬영분 편집…""안타까운 사고 애도""",‘1박 2일’ 제작진이 핼러윈 콘셉트 분량을 편집하기로 했다. KBS2 예능 ‘1박 2일 시즌4’(이하 1박2일) 제작진은 31일 “지난 30일 일요일 오후 ...,2022-10-31 17:04,양소영
4874395,"강하늘 하지원, '1박2일' 게스트 출격",배우 강하늘 하지원이 '1박 2일'에 게스트로 출연한다. KBS2 ‘1박 2일 시즌4’(이하 1박 2일) 관계자는 31일 매일경제 스타투데이에 “강하늘과 하지...,2022-10-31 17:26,양소영
4874364,‘슈룹’의 중심에는 김혜수가 있다,드라마 ‘슈룹’이 연일 최고 시청률을 갱신하는 가운데 그 중심에 있는 김혜수과 그의 열연에 이목이 집중되고 있다. 지난 30일 방영된 tvN 토일드라마 ‘슈룹’...,2022-10-31 16:58,신영은
4874365,자우림 김윤아 “‘이태원 참사’ 애도...목격자·부상자 온전한 회복 기원”,"밴드 자우림의 보컬 김윤아가 ‘이태원 참사’에 대한 애도를 표하는 한편, 부상 당한 시민들에게 심리 치료를 받을 것을 당부했다. 31일 김윤아는 자신의 인스타그...",2022-10-31 17:00,한현정
4874336,"박하선 “지인도 참사 현장에...남일 같지 않아"" 애도",배우 박하선이 ‘이태원 참사’에 깊은 애도를 표했다. DJ 박하선은 31일 방송된 SBS 파워FM '박하선의 씨네타운'에서 “지난 주말 이태원에서 큰 참사가 ...,2022-10-31 16:28,한현정
4874331,"방심위, 이태원 참사 현장 사진·영상 11건 삭제·차단","방송통신심의위원회(이하 '방심위')가 이태원 참사 현장을 여과 없이 노출한 사진과 영상 11건을 긴급 심의해 삭제, 차단했다. 방심위는 31일 통신심의소위원회...",2022-10-31 16:22,김소연
4874345,"안테나, 이태원 참사 애도→적재 컴백 등 일정 연기",안테나가 이태원 참사에 따른 국가애도기간 선포로 소속 아티스트의 일정을 연기한다. 안테나 측은 31일 공식 인스타그램에 “소속 아티스트 앨범 발매 및 콘텐츠 공...,2022-10-31 16:34,박세연
4874426,"가수 박희석 “故 이지한, 미안하고 사랑한다”","가수 박희석이 이태원 참사로 스물 넷 아까운 나이에 사망한 배우 고(故) 이지한을 추모했다. 박희석은 31일 자신의 인스타그램에 고인과 추억을 떠올리며 “""일본...",2022-10-31 17:48,진향희
4874421,"[포토] 진, '디 아스트로넛' 선보이고 귀국",그룹 방탄소년단(BTS) 진이 콜드플레이의 월드투어 '뮤직 오브 더 스피어스(MUSIC of the SPHERES)'에 참석한 후 31일 오후 인천국제공항을 통...,2022-10-31 17:44,강영국
4874428,"[포토] 진, 가릴 수 없는 잘생김",그룹 방탄소년단(BTS) 진이 콜드플레이의 월드투어 '뮤직 오브 더 스피어스(MUSIC of the SPHERES)'에 참석한 후 31일 오후 인천국제공항을 통...,2022-10-31 17:50,강영국
4874424,"[포토] 진, 아미들에게 손인사",그룹 방탄소년단(BTS) 진이 콜드플레이의 월드투어 '뮤직 오브 더 스피어스(MUSIC of the SPHERES)'에 참석한 후 31일 오후 인천국제공항을 통...,2022-10-31 17:46,강영국
4874427,[포토] 입국장 들어서는 진,그룹 방탄소년단(BTS) 진이 콜드플레이의 월드투어 '뮤직 오브 더 스피어스(MUSIC of the SPHERES)'에 참석한 후 31일 오후 인천국제공항을 통...,2022-10-31 17:48,강영국
4874420,"[포토] BTS 진, '디 아스트로넛' 선보이고 귀국",그룹 방탄소년단(BTS) 진이 콜드플레이의 월드투어 '뮤직 오브 더 스피어스(MUSIC of the SPHERES)'에 참석한 후 31일 오후 인천국제공항을 통...,2022-10-31 17:42,강영국
4874354,"아스트로 라키♥박보연 열애 인정…""알아가는 단계""[공식]",그룹 아스트로 멤버 라키(본명 박민혁·23) 측이 배우 박보연(28)과 연인 사이라고 인정했다. 라키 소속사 판타지오는 31일 공식 입장을 통해 “라키는 언론...,2022-10-31 16:46,양소영
4874436,"[포토] 진, 눈만 봐도 좋아",그룹 방탄소년단(BTS) 진이 콜드플레이의 월드투어 '뮤직 오브 더 스피어스(MUSIC of the SPHERES)'에 참석한 후 31일 오후 인천국제공항을 통...,2022-10-31 17:54,강영국
4874368,"[단독]'쇼! 챔피언', 11월 2일 결방…이번주 음악방송 無","MBC '쇼! 챔피언'이 11월 2일 결방한다. 31일 MBC M 음악프로그램 '쇼! 챔피언' 관계자는 매일경제 스타투데이에 ""이번주 하이라이트 방송이 예정됐...",2022-10-31 17:02,김소연
4873833,"'삼남매가 용감하게' 임주환♥이하나 연애 시작, 달콤한 이마 키스",임주환과 이하나가 서로의 마음을 확인하며 연애를 시작했다. 30일 방송된 KBS 2TV '삼남매가 용감하게'에서 김태주(이하나)는 자신을 집 앞까지 데려다준 이...,2022-10-30 20:30,유은영
4873924,‘뜨겁게 안녕’ 오늘(31일) 첫방…소아조로증 홍원기 출연,"‘소아조로증’ 홍원기의 만남으로 ‘뜨겁게 안녕’이 베일을 벗는다. 세상의 모든 이별, 그리고 새로운 시작을 담는 MBN 새 힐링 예능 ‘뜨겁게 안녕’이 31...",2022-10-31 08:48,진향희
4873923,"박지윤, 이태원 참사 애도 ""믿기지 않아…다시는 없길""","아나운서 출신 방송인 박지윤(43)이 이태원 참사에 안타까운 마음을 드러냈다. 박지윤은 지난 30일 인스타그램에 ""어제밤에 잠들면서까지도 설마 다친거겠지......",2022-10-31 08:48,김소연
4873934,"""나 때문에 사고? 말도 안돼""…BJ케이, 이태원 참사 유명인 루머 해명",인터넷 방송 BJ 케이가 이태원 압사 참사와 관련된 루머에 대해 해명했다. BJ 케이는 30일 자신의 아프리카TV 방송국에 “일단 글을 쓰기 앞서 삼가 고인의...,2022-10-31 09:02,양소영
4873928,'슈룹' 시청률 11.3% 자체 최고 기록…경쟁작 대거 결방 영향,'슈룹'이 경쟁 프로그램들의 대거 결방 속에 시청률 10%를 돌파했다. 31일 시청률 조사회사 닐슨코리아에 따르면 지난 30일 방송된 tvN 토일드라마 '슈룹'...,2022-10-31 08:58,신영은
4873914,"'안다행'·'오은영리포트', 오늘(31일)결방…이태원 참사 여파",이태원 압사 참사 사고 여파로 '안다행'과 '오은영 리포트'가 결방한다. 31일 MBC 편성표에 따르면 이날 오후 7시 5분 방송예정이던 '마녀의 게임'을 비...,2022-10-31 08:20,김소연
4873857,[종합] '슈룹' 김혜수 압박하는 김의성X김해숙...원손 살해 세력 있다,"김혜수가 궁지에 몰린 가운데, 원손을 죽이려는 자들이 있다는 것을 알게 됐다. 30일 방송된 tvN '슈룹'에서 황원형(김의성)은 권의관(김재범)을 심문했다. ...",2022-10-30 22:32,유은영
4873848,"'슈룹' 문상민, 식음전폐...김혜수에 출궁 부탁",문상민이 김혜수에게 출궁시켜달라고 부탁했다. 30일 방송된 tvN '슈룹'에서 중전(김혜수)은 성남대군(문상민)의 처소를 찾아갔다. 성남대군은 세자(배인혁)가 ...,2022-10-30 21:36,유은영
4873951,[단독] MBC 카타르월드컵 제작발표회 취소…이태원 참사 여파,MBC가 2022 카타르월드컵 중계 관련 제작발표회를 취소한다. MBC 관계자는 31일 매일경제 스타투데이에 “오는 11월 1일 오전 11시 온라인 생중계로...,2022-10-31 09:18,김소연
4873860,"'프듀2' 출신 이지한 사망, 이태원 참사로…향년 25세",배우 이지한이 이태원 참사로 안타깝게 세상을 떠났다. 이지한은 지난 29일 서울 용산구 이태원동 인근에서 발생한 압사사고로 인해 30일 사망했다. 향년 25세...,2022-10-30 23:14,김소연
4873835,"송은이, 김윤아 글 공유하며 “추모 마음 전하는 방법도 중요”",개그맨 송은이가 이태원 참사 희생자들을 추모했다. 송은이는 30일 SNS에 “어떻게 위로를 건네고 어떤 말로 추모해야 할지조차 막막하다”며 “그저 마음이 너무 ...,2022-10-30 20:34,진향희
4873906,"'프듀2' 이지한, 이태원 사고로 사망…추모 물결 ""밝고 순수했던 친구""","엠넷 ‘프로듀스 101’ 시즌2 출신 배우 이지한이 이태원 참사로 세상을 떠난 가운데, 추모 물결이 이어졌다. 이지한은 지난 29일 서울 용산구 이태원동 인근...",2022-10-31 07:58,양소영
4873929,"YG엔터, 이태원 참사에 예정된 프로모션 일정 중단",YG엔터테인먼트가 소속 아티스트들의 예정된 일정을 연기하면서 이태원 압사 참사 희생자들에 대한 애도의 뜻을 전했다. YG엔터테인먼트(이하 YG)는 지난 30일 ...,2022-10-31 08:58,박세연
4873890,[인터뷰①] ‘작은 아씨들’ 남지현 “실제 700억 생긴다면? 집 사고 싶어”,배우 남지현(27)이 드라마 ‘작은 아씨들’을 통해 한층 성숙해진 모습을 뽐냈다. 아역 배우 출신이라는 이미지는 대중의 뇌리에서 잊혀질 정도로 강렬한 변신이었다...,2022-10-31 07:02,신영은
4873889,"[인터뷰②] ‘작은 아씨들’ 남지현 “김고은·박지후와 자매 연기, 너무 재밌어”","(인터뷰①에서 이어) 배우 남지현(27)이 tvN 토일드라마 ‘작은 아씨들’(극본 정서경, 연출 김희원)에서 세 자매 중 둘째인 기자 오인경 역을 맡아 첫째 오...",2022-10-31 07:02,신영은
4873895,'커튼콜' 오늘(31일) 첫방…강하늘 특명 성공할까[MK프리뷰],"‘커튼콜’이 오늘(31일) 베일을 벗는다. KBS2 새 월화드라마 ‘커튼콜’(극본 조성걸, 연출 윤상호)은 시한부 할머니 자금순(고두심 분)의 소원을 이루어주...",2022-10-31 07:14,양소영
4873950,"배우 정일우, 이태원 참사에 日 팬미팅 취소","배우 정일우가 이태원 압사 참사에 일본 팬미팅을 연기했다. 정일우 측은 31일 오전 ‘오사카, 도쿄 팬미팅 연기 공지문’을 통해 “한국에서 일어난 이태원 사고에...",2022-10-31 09:16,진향희
4873865,"이지한, 이태원 참사로 사망…935측 ""따뜻하게 배웅해주길""[공식입장]","배우 이지한이 이태원 참사로 안타깝게 세상을 떠났다. 소속사 935엔터테인먼트는 30일 공식입장을 통해 ""슬픈 소식으로 인사드리게 되어 비통한 심정""이라면서...",2022-10-31 00:02,김소연
4873852,"'슈룹' 옥자연, 세자 죽음 원인...김재범과 은밀한 사이였다",세자를 죽게 만든 사람은 옥자연이었다. 30일 방송된 tvN '슈룹'에서 황원형(김의성)은 권의관(김재범)을 고문하며 세자 독살의 배후를 밝히려고 했다. 권의관...,2022-10-30 21:58,유은영
4873843,"[종합] '삼남매가 용감하게' 이하나, 의사 복직...임주환과 연애 시작","이하나가 임주환과 연애를 시작한 가운데, 다시 의사로 복직했다. 30일 방송된 KBS 2TV '삼남매가 용감하게'에서 술에 취한 김태주(이하나)는 장세란(장미희...",2022-10-30 21:14,유은영
4874079,"'스맨파', 파이널 대신 이태원 참사 애도…1일 결방","Mnet '스트릿 맨 파이터'가 이태원 참사 여파로 파이널 경연을 연기한다. Mnet 관계자는 31일 매일경제 스타투데이에 ""이번 주(11월 1일) '스맨파'...",2022-10-31 11:12,박세연
4874164,'연예인 매니저로 살아남기' 제작발표회 연기…이태원 참사 애도,"tvN 새 월화드라마 ‘연예인 매니저로 살아남기’ 제작발표회가 잠정 연기됐다. tvN은 31일 ""오는 11월 2일 오후 2시 진행 예정이었던 tvN 새 월화드라...",2022-10-31 13:42,신영은
4874159,"박해진, JTBC ‘사랑의열매 캠페인’ 내레이션",배우 박해진이 선한 영향력을 실천한다. 31일 방송되는 사랑의열매 사회복지공동모금회와 JTBC가 함께한 배분 홍보 방송캠페인 영상 내래이션을 맡았다. 박해진은...,2022-10-31 13:36,진향희
4874174,"박보연, 아스트로 라키와 열애설 부인…""좋은 동료 사이""[공식]",배우 박보연이 그룹 아스트로 멤버 라키와 열애설을 부인했다. 박보연 소속사 매니지먼트 구 측은 31일 매일경제 스타투데이에 열애설과 관련해 “라키와 같은 작품...,2022-10-31 13:52,양소영
4874182,이무진 ‘개똥벌레’ 재해석..영화 ‘동감’ 컬래버 음원 참여[공식],"대세 싱어송라이터 이무진이 영화 '동감'의 컬래버레이션 음원에 전격 참여했다. 재해석한 명곡, ‘개똥벌레’를 통해서다. 31일 빅플래닛메이드엔터에 따르면 이무진...",2022-10-31 13:58,한현정
4874117,"'이태원 참사 사망' 이지한, '꼭두의 계절' 촬영 중이었다",이태원 참사로 세상을 떠난 고(故) 이지한(24)이 드라마 촬영 중이었던 것으로 드러나 안타까움을 더한다. MBC 관계자는 31일 매일경제 스타투데이에 “이지...,2022-10-31 11:42,양소영
4874171,"이태원 참사에...이찬원 ""노래 못해요"" 했다가 관객 폭언 '봉변'",가수 이찬원이 행사장에서 이태원 참사에 애도하며 노래를 부를 수 없다고 양해를 구했다가 관객에게 봉변을 당했다. 이찬원은 지난 30일 전라남도 화순군에서 열린...,2022-10-31 13:50,양소영
4874121,‘맥베스 레퀴엠’ 제작발표회 연기…“이태원 참사 애도”,"연극 '맥베스 레퀴엠' 제작발표회가 잠정 연기됐다. 국립정동극장은 31일 ""지난 주말 이태원 참사와 관련해 피해자 분들께 깊은 애도와 위로를 드리며, 11월 1...",2022-10-31 11:48,신영은
4874210,"송혜교 화보, 대체불가 존재감",배우 송혜교의 화보가 공개됐다. 하이엔드 여성복 브랜드 '미샤(MICHAA)'는 31일 브랜드 뮤즈 송혜교와 함께한 2차 캠페인 화보를 공개했다....,2022-10-31 14:24,신영은
4874113,"BJ 요원 ""이태원 참사 골목에 있었다""…다친 발 공개",아프리카TV BJ 요원이 이태원 참사 현장에 있었다며 심적 충격을 드러냈다. BJ 요원은 지난 30일 자신의 아프리카TV 채널 공지사항에 '여러분'이라는 제목...,2022-10-31 11:40,김민주
4874165,"'라디오쇼' 박명수 불참, 무슨일?",방송인 박명수가 '라디오쇼'에 불참했다. 31일 방송된 KBS Cool FM '박명수의 라디오쇼'(이하 '라디오쇼')에는 DJ 박명수가 불참했다. 박명수의 빈...,2022-10-31 13:44,김소연
4874156,영화계도 ‘이태원 참사’ 애도 동참...행사 전면 취소[MK무비],영화계도 ‘이태원 참사’를 애도하기 위해 예정된 행사 일정을 전면 취소했다. 31일 오전 진행 예정이었던 마동석의 신작 영화 '압꾸정' 제작보고회가 취소됐다. 마동석이 오랜 연인 예정화와 혼인신고를 마치고 법적 부부가 된 ...,2022-10-31 13:34,한현정
4874091,"트렌드지, 이태원 참사에 앨범 발매 연기","그룹 트렌드지가 이태원 참사 추모 분위기에 맞춰 앨범 발매를 연기한다. 트렌드지 소속사 글로벌에이치미디어는 31일 ""11월 3일 발매 예정이었던 트렌드지의 신...",2022-10-31 11:20,박세연
4874086,대한가수협회 측 “이태원 참사에 깊은 애도...협회 차원 모든 공연 중단”,사단법인 대한가수협회 이자연 회장이 이태원 참사에 대해 깊은 애도를 표하며 협회 차원 모든 공연을 전면 중단하겠다고 밝혔다. 이자연 회장은 31일 “갑작스러운...,2022-10-31 11:14,진향희
4874150,'사랑과 야망' 최종수 PD 별세...향년 76세,"'드라마 왕국' MBC를 만든 일등공신 최종수 PD가 별세했다. 향년 76세. 31일 최종수 PD의 장남 최성필 씨는 매일경제 스타투데이에 ""아버지가 30일 ...",2022-10-31 13:10,김소연
4874147,"김준한, 아티스트컴퍼니 전속계약…이정재 정우성 한솥밥",배우 김준한이 아티스트컴퍼니와 함께한다. 아티스트컴퍼니는 31일 “김준한과 한 식구가 되어 기쁘다. 김준한이 더욱 다양한 활동을 펼칠 수 있도록 적극적으로 지...,2022-10-31 13:02,양소영
4874199,"'컴백' 유나이트 ""데뷔 6개월 만에 치명적으로 돌아왔죠""[일문일답]",그룹 유나이트(YOUNITE)의 세 번째 EP ‘유니온(YOUNI-ON)’이 31일 공개된다. 유나이트의 새 앨범 ‘유니온’은 데뷔 앨범 ‘유니버스(YOUNI-...,2022-10-31 14:16,박세연
4874151,"'더패뷸러스' 제발회·공개일 연기…""이태원 참사 애도""",‘더 패뷸러스’가 이태원 참사 여파로 제작발표회와 공개일을 연기한다. 넷플릭스는 31일 “‘더 패뷸러스’ 제작발표회와 작품 공개를 잠정 연기한다”고 밝혔다. ...,2022-10-31 13:16,양소영
4874109,"'스맨파'·'엠카'·'쇼미11', 이태원 참사에 결방 확정","Mnet 대표 음악 예능 프로그램들이 이태원 참사 여파로 결방한다. 31일 Mnet에 따르면 같은 날 방송되는 '아티스탁 게임', '스맨파 코멘터리'와 11월...",2022-10-31 11:32,박세연
4874129,"[단독]'일타강사' 첫방송, 11월 2일→9일…이태원 참사 여파",'일타강사' 첫 방송이 이태원 참사 여파로 일주일 미뤄졌다. 31일 MBC 관계자에 따르면 오는 11월 2일 첫 방송 예정이던 새 예능 프로그램 ‘일타강사’는...,2022-10-31 12:10,김소연
4880949,"강남 비키니 라이딩 男女…알고보니 처음 만난 사이, 남자는 유부남에 아이까지",서울 강남 도심 한복판에서 비키니를 입고 라이딩을 즐긴 남녀가 퍼포먼스 비하인드를 들려줬습니다. 지난 22일 방송된 채널S 예능 프로그램 '진격의 언니들...,2022-11-23 11:24,
4883692,"'조규성과 맞팔' 모델 지민주…뒤늦게 ""열애 아니다"" 공식입장",2022 카타르 월드컵에 출전한 한국 축구 대표팀 조규성(24·전북 현대)과 모델 지민주(19)가 열애설에 휘말렸으나 부인했습니다. 지민주 소속사 엘삭 ...,2022-12-02 11:39,
4882973,"""운전은 김민희가 하더라""…대학서 포착된 '홍상수-김민희'",7년째 연애를 이어가고 있는 22살 차 홍상수 감독과 배우 김민희의 근황이 공개됐습니다. 지난 28일 한 온라인 커뮤니티에는 홍상수 감독이 영상영화학과 ...,2022-11-30 13:52,
4887714,한남동 빌딩 판 이효리…대출 없이 37억에 매입한 신당동 건물은?,이효리가 37억이 넘는 신당동 신축 빌딩을 전액 현금으로 구매했습니다. 오늘(16일) 머니투데이 보도에 따르면 이효리는 서울 중구 신당동 소재 한 근린생...,2022-12-16 12:13,김윤
4882953,"김현중, 8년간 혼외자 양육비 나 몰라라 해? 양육비 조정까지 신청",가수 겸 배우 김현중이 혼외자에게 양육비를 지급하지 않았다는 주장이 제기됐습니다. 어제(29일) 유튜브 채널 '연예 뒤통령 이진호'에는 '단독! 김현중 ...,2022-11-30 11:40,
4885686,"송도 주민 김광규 ""지금 가장 원하는 건 서울 아파트""","어제(8일) 방영된 KBS Joy 예능 프로그램 '내일은 천재'에서 김광규가 가장 원하는 건 ""서울 아파트""라고 답해 웃음을 자아냈습니다. 이날 방송에서...",2022-12-09 11:29,
4888315,"풍자 ""아버지, 커밍아웃 당시 칼 들고 '날 죽여라'라고 해""",트랜스젠더 방송인 풍자의 가족사가 전해졌습니다. 어제(18일) 방송된 MBC '혓바닥 종합격투기 세치혀'(이하 세치혀)에 출연한 풍자는 오래 전 가족들에...,2022-12-19 15:45,
4882930,"미스코리아 최미나수, '韓 최초' 세계미인대회 '미스 어스' 우승",2021 미스코리아 선(善) 최미나수(23)가 ‘미스 어스(Miss Earth) 2022’에서 우승을 차지했습니다. 지난 29일 필리핀 오카다 마닐라 호...,2022-11-30 10:47,양서정
4889666,"베이비 박스로 아기 2000명 살린 이종락 목사…""아내 치매 진단""",2000명 넘는 아기를 살린 이종락 목사의 아내 이야기가 전해졌습니다. 어제(22일) MBN 밀착 다큐멘터리 '특종세상' 562회에서는 국내에서 처음 베...,2022-12-23 13:31,
4885377,"'성범죄자' 크리스, 캐나다서 화학적 거세 받을 수도","아이돌 그룹 엑소의 멤버였던 중국계 캐나다 가수 겸 배우 크리스(32·본명 우이판)가 성폭행 등 혐의로 징역 13년형을 선고 받은 가운데, 화학적 거세를 당할...",2022-12-08 15:23,최유나
4888930,"'태진아 아들' 이루, 음주운전으로 입건…석달 전 '운전자 바꿔치기' 논란도",태진아 아들 가수 이루(조성현)가 음주운전을 하다 사고를 낸 혐의로 경찰에 입건됐습니다. 아울러 세 달 전에는 ‘운전자 바꿔치기’ 혐의에 연루됐던 것으로 파악...,2022-12-21 10:16,양서정
4882749,‘캠핑 인 러브’ MC 김승우X홍경민 인터뷰 공개! 첫방송 기대↑,MBN 새 프로그램 ‘캠핑 인 러브’가 첫 방송을 앞두고 MC 김승우와 홍경민의일문일답 인터뷰를 공개했습니다. 오는 12월 2일(금) 밤 10시 20분...,2022-11-29 17:42,
4890258,[공식] 송중기 열애 인정…상대 영국인 여성인 듯,"배우 송중기가 열애를 인정했습니다. 송중기 소속사 하이지음스튜디오는 오늘(26일) 공식 입장을 내고 ""송중기가 한 여성과 좋은 감정으로 만남을 이어가고 ...",2022-12-26 09:50,
4888865,MBC '결혼지옥' 아동성추행 논란에 '다시보기 삭제',MBC 예능 프로그램 ‘오은영 리포트-결혼지옥’에서 새아빠가 7세 의붓딸에게 신체접촉을 하는 모습이 그려져 아동성추행 논란이 일고 있습니다. 20일 MB...,2022-12-21 08:33,
4881772,"'오겜 깐부' 오영수, 강체추행 혐의 기소…오영수 ""상대 일방 주장""","배우 오영수(78)가 강제추행 혐의로 재판에 넘겨진 가운데, 상대방의 일방적 주장이라는 입장을 내세웠습니다. 25일 법조계에 따르면 수원지검 성남지청 형...",2022-11-25 17:16,김지영 인턴
4881612,"딘딘, 경기 전 ""월드컵 16강 말 같지도 않은 소리""…경기 후 ""역대급 경기""","딘딘이 ""16강이 힘들다는 거 다 알면서 16강 갈 것 같다고 말 같지도 않은 소리 하고 있으니 짜증 난다. 행복회로를 왜 돌리냐""는 발언이 경솔했다며 사과하...",2022-11-25 09:54,
4882291,"후크, 이승기가 '반반 투자'한 건물로 얻은 시세차익 배분 안 해",후크엔터테인먼트(이하 후크·대표 권진영)가 소속 가수(겸 배우) 이승기에게 '투자' 명목으로 빌린 47억 원으로 청담동 건물주가 됐지만 건물에서 나온 수익을 ...,2022-11-28 14:31,
4882205,"'오징어게임' 배우 오영수, 강제추행 혐의 기소…진실은?",넷플릭스 ‘오징어 게임’으로 유명세를 얻은 배우 오영수(78)가 강제추행 혐의로 기소된 가운데 외신도 이 소식을 앞다퉈 보도했습니다. 지난 25일(현지시...,2022-11-28 10:12,양서정
4881033,"'정산 0원' 논란 이승기 소속사 대표 녹취록 공개…""XX버릴 거야""",가수이자 배우 이승기 씨가 소속사 후크엔터테인먼트와 음원 정산 등으로 갈등을 빚고 있는 가운데 권진영 후크 대표의 녹취록까지 공개되며 파장이 커지고 있습니다....,2022-11-23 15:49,김윤
4884923,"봉준호 SF신작 '미키 17', 내년 3월 개봉…로버트 패틴슨·스티븐 연 출연","영화 '기생충'으로 아카데미상 4관왕에 오른 봉준호 감독의 SF 신작, '미키 17'이 오는 2024년 3월 29일 개봉합니다. 이 영화의 배급사인 위너...",2022-12-07 11:24,
4874506,"방탄소년단 진, 아르헨티나 공연 마치고 귀국",그룹 방탄소년단(BTS) 진이 아르헨티나 공연을 마치고 귀국했다. 방탄소년단 진은 31일 오후 인천국제공항을 통해 입국했다. 마스크를 착용한 진은 편안한 셔츠...,2022-10-31 20:10,양소영
4878124,"BTS 진 ""최전방 떴어요""…입영통지서 나와 연내 입대할 듯",그룹 방탄소년단(BTS)의 멤버이자 최연장자인 진이 최전방 일선 부대로 입대할 예정입니다. 진은 13일 팬 커뮤니티 위버스에서 '오빠 다음 달 생일인데 ...,2022-11-13 22:32,이상협
4874528,'심야카페' 시사회 일정 변경…이태원 참사 애도,‘심야카페’가 이태원 참사 여파로 시사회 일정을 변경했다. 영화 ‘심야카페: 미씽 허니’(이하 심야카페) 측은 31일 “‘심야카페’의 언론배급 시사회가 11월...,2022-10-31 21:38,양소영
4879708,"""오은영 결혼지옥, 19금 상담 너무 적나라"" 민원...방심위는 ""문제없음""",MBC 예능 프로그램 ‘오은영 리포트 결혼지옥’(이하 결혼지옥)이 방송심의위원회(이하 방심위) 심의 대상에 올랐습니다. 다만 '문제없음'으로 최종 의결했습니다...,2022-11-18 14:21,김지영 인턴
4874534,"프리지아, 핼러윈 영상 비공개 전환…이태원 참사 애도",유튜버 프리지아(본명 송지아)가 핼러윈 콘텐츠를 비공개로 전환했다. 프리지아는 31일 SNS를 통해 “29일 이태원에서 발생한 참사 사고에 깊은 애도를 표한다...,2022-10-31 22:02,양소영
4874521,"'물어보살' 서장훈, 낙하산 입사 의뢰인 '복직 희망'에 ""나라도 안 뽑아""",'물어보살' 복직을 희망하는 의로인이 출연했다. 31일 방송된 KBS Joy 예능프로그램 '무엇이든 물어보살'(이하 '물어보살')에서는 33세 남성이 의뢰인...,2022-10-31 21:26,박정수
4880313,"이승기, 18년간 음원 정산 0원…소속사와 갈등 빚어",가수 겸 배우 이승기가 2004년에 데뷔할 당시부터 18년간 몸담은 후크엔터테인먼트와 갈등을 빚는 것으로 드러났습니다. 이는 음원 수익 정산과 관련된 것으로 ...,2022-11-21 15:50,김지영 인턴
4880554,"김건모, 3년 만에 성폭행 혐의 완전히 벗어…재정 신청 기각",가수 김건모(53) 성폭행 혐의에 대해 법원이 재정신청까지 기각하며 3년 만에 혐의를 완전히 벗게 됐습니다. 어제(21일) 'SBS 연예뉴스' 보도에 따...,2022-11-22 10:31,
4877622,"비·김태희 부부 '1400억' 강남 빌딩 매각설…""시세차익만 무려 500억""",가수 겸 배우 비가 지난해 매입한 서울 서초동의 삼영빌딩이 1년 만에 매각설에 휩싸였습니다. 만약 매각이 이뤄진다면 약 500억원의 시세차익이 예상됩니다. ...,2022-11-11 13:04,김지영 인턴
4874512,"'물어보살' 이수근, '아내 바보' 면모... ""첫사랑이자 마지막 사랑""",'물어보살' 이수근이 아내에 대한 애정을 표현했다. 31일 방송된 KBS Joy 예능프로그램 '무엇이든 물어보살'(이하 '물어보살')에서는 이수근이 아내에 ...,2022-10-31 20:44,박정수
4874543,"박세리→남궁민, 이태원 참사 애도 물결 ""Pray For 이태원""",골프 스타 박세리부터 배우 남궁민이 이태원 참사에 깊은 애도의 뜻을 표했다. 박세리는 31일 자신의 SNS에 “상상할 수도 없는 가슴 아픈 일이 일어났습니다”...,2022-10-31 22:48,양소영
4874513,'유퀴즈' 2일 결방 확정…국가 애도 기간 동참[공식],‘유퀴즈’가 이번 주 결방한다. 31일 tvN은 “11월 5일까지 국가애도기간으로 지정됨에 따라 tvN 결방이 추가됐다. 11월 2일 방송 예정이던 ‘유 퀴즈...,2022-10-31 20:48,양소영
4874542,"'커튼콜' 고두심, 3개월 시한부 선고→호텔 회장으로 복귀",'커튼콜' 고두심이 시한부 판정을 받았다. 31일 첫 방송된 KBS2 월화드라마 '커튼콜'에서는 자금순(고두심 분)이 병원에서 진료받는 모습이 전파를 탔다....,2022-10-31 22:44,박정수
4874519,"'스맨파' 서울 콘서트, 내년 연기…강릉 공연은 취소",‘스맨파’ 콘서트가 연기 및 취소됐다. 엠넷 ‘스트릿 맨 파이터’(이하 스맨파) 측은 31일 공식 SNS를 통해 “국가적 애도에 뜻을 같이 하기 위해 전국투어...,2022-10-31 21:16,양소영
4874728,"트로트 가수 하이, '미운정' 들고 3집 발매...""무명 설움 날려야죠“","‘애인이란 이름으로’로 이름을 알렸던 트로트 가수 하이가 최근 3집 발매를 하고 본격적인 활동에 나섰습니다. 2010년, ‘어디쯤 가고 있나요’를 통해 가수로 데...",2022-11-01 15:12,
4874549,"""능력껏 지켜""... 하지원, 지승현과 호텔 매각건으로 대립 ('커튼콜')",'커튼콜' 하지원과 지승현이 호텔 매각건으로 대립했다. 31일 첫 방송된 KBS2 월화드라마 '커튼콜'에서는 박세연(하지원 분)과 박세준(지승현 분)과 신경...,2022-10-31 23:08,박정수
4874511,"정동원, 앨범 발매·콘서트 티켓 오픈 연기…이태원 참사 애도",가수 정동원의 신보 발매 및 콘서트 티켓 오픈 일정이 잠정 연기됐다. 31일 소속사 쇼플레이엔터테인먼트는 정동원 공식 팬카페를 통해 “11월 11일 발매 예정...,2022-10-31 20:40,양소영
4874516,"'물어보살' 이수근, 공주 옷 마니아에 ""너 관종이지?"" 웃음",'물어보살' 이수근 공주 옷 마니아 의뢰인을 만났다. 31일 방송된 KBS Joy 예능프로그램 '무엇이든 물어보살'(이하 '물어보살')에서는 21세 여성이 ...,2022-10-31 21:00,박정수
4874539,"'커튼콜' 하지원, 강하늘과 피난 도중 이산가족 됐다... ""꼭 살아라""",'커튼콜' 첫 방송됐다. 31일 첫 방송된 KBS2 월화드라마 '커튼콜'에서는 자금순(고두심 분)의 과거 모습이 공개되며 남편과 헤어지는 모습이 전파를 탔다...,2022-10-31 22:30,박정수
4874536,"[종합] '물어보살' 서장훈, 현실적 문제로 이별한 의뢰인에 '현실 조언'",'물어보살' 현실적인 문제로 이별한 의뢰인이 출연했다. 31일 방송된 KBS Joy 예능프로그램 '무엇이든 물어보살'(이하 '물어보살')에서는 운명의 상대를...,2022-10-31 22:08,박정수
4874213,"컬투쇼 ""이태원 참사 추모기간…게스트 최소화""","'컬투쇼'가 국가애도기간 중 게스트를 최소화 해서 방송을 진행한다고 밝혔다. SBS 파워FM '컬투쇼'는 31일 공식 인스타그램 계정에 ""이번 주는 이태원 참...",2022-10-31 14:26,김소연
4874281,"트와이스 팬미팅 취소 ""비극적 사고 비통한 마음…너른 양해 부탁""",걸그룹 트와이스가 이태원 참사 추모 의미로 데뷔 7주년 팬미팅을 취소했다. 31일 소속사 JYP엔터테인먼트는 비욘드 라이브 플랫폼을 통해 트와이스 7주년 팬미팅...,2022-10-31 15:24,박세연
4874241,"나비, 이태원 참사 애도…""싱글 발매 잠정 연기""","가수 나비가 이태원 참사에 따른 국가애도기간에 따라 싱글 발매 일정을 잠정 연기했다. 나비 소속사 알앤디컴퍼니는 ""11월 3일 오후 6시 발매 예정이었던 나비...",2022-10-31 14:56,박세연
4874239,'치얼업'·'동상이몽2' 결방…이태원 참사 여파,"‘치얼업’과 ‘동상이몽2’가 이태원 참사 여파로 결방한다. SBS 관계자는 31일 매일경제 스타투데이에 “월화 예정이었던 드라마 ‘치얼업’ 9, 10회가 결방...",2022-10-31 14:52,양소영
4874308,‘아바드림’ 오늘(31일) 결방…‘백반기행 특별판’ 편성,메타버스 음악쇼 ‘아바드림’이 결방된다. TV조선 측은 31일 “오늘(31일) 방송 예정이었던 예능 프로그램 ‘아바드림’이 결방됐음을 알려드린다”고 밝혔다. 해...,2022-10-31 15:54,진향희
4874234,"방탄소년단 진, 한터 월드·음반차트 1위 '2관왕'","그룹 방탄소년단(BTS) 멤버 진이 한터차트 주간차트 2관왕을 차지했다. 31일 한터차트는 2022년 10월 5주 차 주간 월드차트, 음반차트, 그리고 인증차...",2022-10-31 14:46,박세연
4874276,"JTBC, 국가 애도기간 간판 예능 줄결방…‘히든싱어’만 방송","JTBC가 간판 예능을 줄줄이 결방한다. 이태원 참사로 방송가가 올스톱된 가운데, JTBC는 31일 “국가 애도 기간 예능 프로그램 편성을 변경한다”고 밝혔다...",2022-10-31 15:20,진향희
4874288,"'2022 마마어워즈' 기자간담회 연기 ""너른 양해 부탁""","'2022 마마 어워즈' 측이 예정돼 있던 글로벌 기자간담회를 연기했다. 31일 Mnet 측은 ""11월 5일까지 국가 애도기간으로 지정됨에 따라, 11월 2일 ...",2022-10-31 15:34,박세연
4874216,"네이처도 발매 연기…""사고 피해자·유가족에 깊은 애도""","그룹 네이처가 이태원 참사 추모의 의미로 새 앨범 발매를 연기했다. 네이처 소속사 n.CH엔터테인먼트는 31일 ""오는 11월 2일 오후 6시로 예정돼 있던 네...",2022-10-31 14:30,박세연
4874255,"'두데' 안영미 ""이태원 참사, 서로 미워할 때 아냐…자제해 주길""","방송인 안영미가 이태원 참사와 관련한 언쟁들을 언급하며 ""자제해달라""고 당부했다. 31일 방송된 MBC FM4U '두시의 데이트 뮤지, 안영미입니다'에서 DJ...",2022-10-31 15:02,김소연
4874297,'코미디빅리그' 11월 1일 녹화 취소…이태원 참사 애도,"tvN '코미디빅리그' 녹화가 취소 됐다. tvN 관계자는 31일 매일경제 스타투데이에 ""오는 11월 1일 예정되었던 tvN '코미디빅리그' 녹화가 취소됐다""고...",2022-10-31 15:44,신영은
4874285,[단독] '돌싱포맨' 11월 1일 결방…이태원 참사 애도,‘돌싱포맨’이 이태원 참사 여파로 이번 주 결방한다. 31일 SBS 예능 ‘신발 벗고 돌싱포맨'(이하 돌싱포맨) 관계자는 매일경제 스타투데이에 “11월 1일 ...,2022-10-31 15:28,양소영
4874224,[단독]'호적메이트' 11월 1일 결방…이태원 참사 애도,"'호적메이트'가 11월 1일 결방한다. 31일 MBC 예능프로그램 '호적메이트' 관계자는 매일경제 스타투데이에 ""11월 1일 방송 예정이던 '호적메이트'는 결방...",2022-10-31 14:38,김소연
4874254,"“참사 희생자·유가족 애도”...김선호, 팬미팅 티켓 예매 연기[전문]",베우 김선호 측이 ‘이태원 참사’ 애도에 동참하고자 팬미팅 티켓 예매 일정을 연기했다. 31일 김선호의 소속사 솔트엔터테인먼트 측은 “지난 29일 발생한 참사...,2022-10-31 15:02,한현정
4874215,"'물어보살' 의뢰인 ""첫눈에 반한 소개팅 상대 못 잊겠어요""",의뢰인이 운명의 상대를 만났으나 현실적인 문제를 겪는다. 31일 방송되는 KBS Joy 예능 '무엇이든 물어보살' 189회에는 33세 남성이 의뢰인으로 출...,2022-10-31 14:28,양소영
4874301,'이별리콜'·'개훌륭' 오늘(31일) 결방…이태원 참사 여파,‘이별 리콜’과 ‘개는 훌륭하다’가 이태원 참사 여파로 결방한다. 31일 KBS에 따르면 이날 방송될 예정이었던 KBS2 예능 ‘이별도 리콜이 되나요?’와 ‘...,2022-10-31 15:48,양소영
4874298,"신예 황자능, 영화 ‘유포자들’ 캐스팅[공식]",신예 황자능이 영화 ‘유포자들’에 캐스팅 됐다. 31일 소속사 디어이엔티는 이 같은 소식을 알렸다. 이어 “이번 작품을 통해 새로운 모습을 보여주기 위해 열심...,2022-10-31 15:44,한현정
4874247,"빅뱅 출신 탑, 와인 출시 연기 ""깊은 애도""",그룹 빅뱅 출신 탑(본명 최승현)이 이태원 참사 여파로 와인 출시를 연기했다. 탑은 31일 인스타그램에 “이태원 참사에 깊은 애도를 표한다“고 밝혔다. 이어 ...,2022-10-31 15:00,양소영
4874230,"""이태원 왜 갔냐는 꼰대들, 당신은 2002년 어땠나"" 소재원","소설가 겸 드라마 작가 소재원이 이태원 참사를 피해자 탓으로 돌리는 일부 기성세대에 일침했다. 소재원은 지난 30일 인스타그램에 ""젊음을 즐기는 것이 잘못된...",2022-10-31 14:44,김소연
4874249,"'줄서는 식당'→'놀라운 토요일', 이태원 참사에 결방","tvN과 tvN SROTY 프로그램들이 이태원 참사 여파로 결방한다. CJ ENM은 31일 ""이날 방송되는 tvN '줄 서는 식당', tvN '우리들의 차차차'...",2022-10-31 15:00,신영은
4873959,"치어리더 김유나, 이태원 참사로 사망...향년 24세",LG트윈스와 KIA타이거즈에서 치어리더로 활동했던 김유나(24)가 이태원 참사로 세상을 떠났다. 향년 24세. 31일 스포츠계에 따르면 김유나는 지난 29일 ...,2022-10-31 09:26,양소영
4873998,[단독] '우리들의 차차차' 오늘(31일) 결방…이태원 참사 여파,"tvN '우리들의 차차차'가 이태원 참사 여파로 결방한다. tvN 관계자는 31일 매일경제 스타투데이에 ""이날 방송 예정이던 '우리들의 차차차'가 결방한다""고 ...",2022-10-31 10:02,신영은
4874009,"서정희, 이태원 참사 애도 ""딸도 한국에 있었다면 갈 법""","방송인 서정희가 이태원 참사에 애도를 표했다. 서정희는 31일 인스타그램에 ""2022년 10월 29일 10시 20분은 잊을 수 없을 것 같습니다. 아비규환의 이...",2022-10-31 10:12,김민주
4873991,"이찬원, 이태원 참사에 ""노래 못해요"" 했다가 봉변 당했다",가수 이찬원이 지역 행사에서 이태원 참사 애도의 의미로 노래를 부르지 않겠다고 했다가 현장 관객에게 봉변을 당했다. 이찬원은 지난 30일 전남 화순군에서 열린 ...,2022-10-31 09:56,박세연
4874073,'세컨하우스' 11월 3일 제발회 취소…이태원 참사 애도,‘세컨 하우스’ 제작발표회가 이태원 참사 여파로 취소됐다. KBS2 새 예능 ‘세컨 하우스’ 측은 31일 “11월 3일 오후 2시 예정되어 있던 ‘세컨 하우스...,2022-10-31 11:06,양소영
4873987,아유미 결혼식 포착…슈가 육혜승 황정음·전혜빈도 축하,그룹 슈가 출신 아유미의 결혼식 사진이 공개됐다. 아유미는 지난 30일 서울 모처에서 2세 연상의 사업가와 백년가약을 맺었다. 육혜승은 이날 SNS에 “아유...,2022-10-31 09:54,양소영
4874057,'자백' 개봉 첫 주말 1위[MK박스오피스],배우 소지섭 김윤진 나나 주연의 ‘자백’이 개봉 첫 주말 1위를 차지했다. 31일 영화진흥위원회 영화관입장권 통합전산망에 따르면 지난 28일부터 30일까지 영...,2022-10-31 10:52,양소영
4873976,"도상우, '환혼: 빛과 그림자' 출연 확정",도상우가 ‘환혼: 빛과 그림자’에 출연한다. tvN 드라마 ‘환혼: 빛과 그림자’는 역사에도 지도에도 존재하지 않는 가상의 국가 대호국을 배경으로 영혼을 바꾸는...,2022-10-31 09:40,신영은
4873974,아유미 '동상이몽2' 합류…남편 공개한다,가수 아유미가 ‘동상이몽2’에 합류한다. SBS ‘동상이몽2-너는 내운명’(이하 동상이몽2) 관계자는 31일 매일경제 스타투데이에 “아유미가 ‘동상이몽2’에 ...,2022-10-31 09:38,양소영
4874050,이태원 참사 비극에 방송도 숨죽여 울었다(종합),"이태원 참사 여파에 방송가가 멈췄다. 주요 예능 프로그램을 줄줄이 결방하고 뉴스 특보 체제로 전환, 숨죽이며 애도의 뜻을 함께 하고 있다. 참사가 알려진 지난...",2022-10-31 10:44,진향희
4873986,"배인혁, 이태원 참사에 ""친구야 행복해야 해""...친구 잃었나","배우 배인혁이 이태원 참사로 사망한 희생자들과 친구를 추모했다. 배인혁은 지난 30일 인스타그램 스토리에 ""삼가 고인의 명복을 빕니다. 친구야 행복해야 해""라...",2022-10-31 09:54,김민주
4873960,"DKZ 재찬, 韓 연예인 최초 중국 교통카드 얼굴 됐다",그룹 DKZ 멤버 재찬이 국내 연예인 최초로 중국 대중교통카드 파트너로 선정됐다. 31일 DKZ의 소속사 동요엔터테인먼트는 멤버 재찬이 중국의 ‘T머니’ 중국 ...,2022-10-31 09:28,박세연
4874037,'더 트롯쇼'·'더 쇼' 결방 확정…이태원 참사 여파,"SBS FiL, SBS M 음악 방송 ‘더 트롯쇼’ ‘더 쇼’가 이태원 참사 여파로 결방한다. SBS미디어넷은 31일 “이번주 방송 예정이었던 ‘더 트롯쇼’와...",2022-10-31 10:36,양소영
4873973,"전혜빈, 아유미 결혼식서 눈물…""딸 시집 보내는 마음""","전혜빈이 아유미 결혼식에 참석해 눈물을 보였다. 배우 전혜빈은 30일 자신의 인스타그램에 ""내 딸 시집보내는 마음. 우리 애기 아유미가 짝을 만나 이렇게 아...",2022-10-31 09:38,김민주
4873979,이태원 참사에 가요계 올스톱…컴백 연기·콘서트 취소[종합],핼러윈 전야 서울 이태원에서 발생한 대규모 참사 충격에 오는 11월 5일까지 국가애도기간이 선포된 가운데 가요계도 예정됐던 스케줄을 중단하고 추모와 애도에 동참...,2022-10-31 09:42,박세연
4874031,"'철파엠' 김영철 ""이태원 참사 몇시간 전 현장에 있었다""","방송인 김영철이 이태원 참사에 애도를 표했다. 김영철은 31일 방송된 SBS 파워FM ‘김영철의 파워FM’에서 ""저는 29일 8시께 이태원 촬영을 짧게 진행하고...",2022-10-31 10:32,신영은
4874021,"'사내연애' 제발회 취소·공개일 연기…""이태원 참사 애도""[공식]",‘사내연애’가 이태원 참사 여파로 제발회와 공개일을 연기했다. 쿠팡플레이 예능 ‘사내연애’ 측은 31일 “먼저 안타까운 불의의 사고로 유명을 달리하신 분들의 ...,2022-10-31 10:26,양소영
4874018,"하이브, 이태원 참사 여파로 회사설명회 연기","이태원에서 사상 초유의 참사가 발생, 엔터업계가 추모 의미로 행사를 속속 중단하고 있는 가운데 하이브도 이에 동참했다. 하이브 측은 31일 ""11월 4일 하이...",2022-10-31 10:18,박세연
4874022,‘뜨겁게 안녕’ 오늘(31일) 긴급 결방 결정…애도 동참,‘뜨겁게 안녕’이 이태원 참사 추모에 동참하기 위해 첫방송 결방을 결정했다. MBN은 31일 “‘뜨겁게 안녕’이 이태원 참사로 인한 국가적 애도 분위기에 따라 ...,2022-10-31 10:26,진향희
4874023,"펀치·크랙시도 음원 발매 연기…가요계, 이태원참사 추모 계속",핼러윈 전야 서울 이태원에서 발생한 대규모 참사 충격에 오는 11월 5일까지 국가애도기간이 선포된 가운데 가요계도 예정됐던 스케줄을 중단하고 추모와 애도에 동참...,2022-10-31 10:26,박세연
4873502,"‘환승연애2’, 해외서도 인기…아시아 각국 TOP5 차트인","티빙의 연애 리얼리티 ‘환승연애2’가 해외에서도 통하고 있다. 30일 아시아 최대 OTT 플랫폼 Viu(뷰)에 따르면, K-예능 ‘환승연애2’(영제: Exch...",2022-10-30 09:38,진향희
4873701,이태원 참사에 예능 줄결방→연예계 주요 행사· 콘서트 취소[종합],이태원 핼러윈 참사 여파로 지상파 방송 3사 예능 프로그램이 대거 결방된다. KBS는 30일 “고인이 되신 분과 가족에게 깊은 애도를 표한다”며 프로그램 결방 ...,2022-10-30 15:36,진향희
4873523,이태원 참사 현장에 있던 유명 유튜버 “영차영차 밀어…재난영화처럼 절규”,60만명 구독자를 보유한 유튜버 선여정이 이태원 압사 참사 현장 목격담을 전했다. 선여정은 30일 새벽 “여러분 이태원 인명사고 크게 났어요”라며 사고 현장을...,2022-10-30 10:18,진향희
4873551,“유명 BJ 등장 직후 사고” 이태원 참사 목격자 증언,"핼러윈을 앞두고 서울 용산구 이태원동 일대에서 발생한 대규모 압사 참사로 151명이 사망자가 발생한 가운데, 경찰이 목격자와 주변 업소 관계자, 당시 CCTV 분석 등을 통해 사고 원인을 조사 중이다. 특히 사고 시점을 두...",2022-10-30 10:48,진향희
4873830,"'삼남매가 용감하게' 이하나, 임주환에 ""오늘 너랑 같이 있을래""","이하나가 임주환에게 같이 있고 싶다고 말했다. 30일 방송된 KBS 2TV '삼남매가 용감하게'에서 술에 취한 김태주(이하나)는 장세란(장미희)에게 ""상준이 보...",2022-10-30 20:20,유은영
4873517,"[MK뮤직]'맥시던트' 스트레이 키즈, 더 기대되는 2023년","다음 스텝이 기대되는, 역대급 기분좋은 '대형사고'다. 그룹 스트레이 키즈가 2022년 데뷔 이래 최고 성적표를 기록하며 차세대 K팝 대표주자의 지위를 굳건히...",2022-10-30 10:08,박세연
4873620,"장윤정·영탁, 오늘(30일) 공연 긴급 취소…이태원 참사 영향",트로트 가수 장윤정과 영탁이 이태원 압사 참사에 오늘(30일) 공연을 취소했다. 장윤정은 30일 SNS를 통해 ‘2022 장윤정 라이브 콘서트’ 진주 공연 취소...,2022-10-30 13:58,진향희
4873690,"‘돌싱외전2’ 이소라, 최동환 위해 혼신의 아침 밥상","‘소환 커플’이 드디어 온다. 30일(오늘) 밤 10시 첫 방송하는 MBN ‘돌싱글즈 외전-괜찮아, 사랑해’(이하 ‘돌싱외전2’)에서는 눈물의 케이블카 이별로 ...",2022-10-30 15:10,진향희
4873825,"성시경, 이태원 참사 추모 “안타깝고 어이없는 희생”",가수 성시경이 이태원 압사 참사 사망자들을 추모했다. 30일 성시경은 “참 덧없네요. 너무 안타갑고 아깝고 어이없는 희생입니다. 고인의 명복을 빕니다”라는 글...,2022-10-30 19:58,진향희
4873513,"샘 해밍턴·조빈, 이태원 압사 참사 애도 “모두 기도해주세요”",방송인 샘 해밍턴이 이태원 압사 참사를 애도했다. 30일 자신의 SNS에 “PRAY FOR ITAWON 이태원 29. 10. 2022”라며 흑백 이미지를 게재했...,2022-10-30 10:00,진향희
4873559,4만명 운집 예정 부산원아시아페스티벌 당일 취소,이태원 핼러윈 압사 참사 여파로 부산원아시아페스티벌(BOF) K팝 콘서트가 오늘(30일) 취소됐다. 부산시는 이날 오후 7시 연제구 부산아시아드주경기장에서 20...,2022-10-30 11:08,진향희
4873507,"홍상수 감독 '탑', 대사의 맛",홍상수 감독의 28번째 장편영화 ‘탑’이 올가을 스크린을 찾는다. 영화 ‘탑’(감독 홍상수)은 서울 강남구 논현동 한 건물을 주 무대로 촬영된 작품이다. 중...,2022-10-30 09:44,양소영
4873786,"“20분간 CPR, 결국 살리지 못했다” 배우 윤홍빈 이태원 참사 현장 증언",배우 윤홍빈(28)이 이태원 참사 현장에 있었다며 눈 앞에서 본 참혹했던 광경을 생생하게 증언했다. 그는 30일 SNS에 “태어나서 처음으로 할로윈 이태원을 ...,2022-10-30 18:18,진향희
4873728,‘돌싱외전2’ 첫방 오늘(30일) 결방...“이태원 참사 애도”,"이소라 최동환 커플의 열애 스토리를 담은 MBN ‘돌싱글즈 외전-괜찮아, 사랑해’(이하 ‘돌싱외전2’)이 오늘(30일) 결방된다. MBN은 이날 밤 10시 ...",2022-10-30 16:22,진향희
4873509,"방송사, 이태원 참사 뉴스특보 긴급 편성…줄결방 예고","지상파 3사와 종합편성채널이 서울 이태원 압사 참사와 관련 뉴스특보를 긴급 편성했다. KBS, MBC, SBS를 비롯한 MBN, TV조선, JTBC, 채널A 등...",2022-10-30 09:48,진향희
4873692,"김재중, 이태원 참사에 日 나고야 콘서트 2시간 전 취소",가수 김재중이 이태원 참사에 일본 나고야 콘서트를 2시간 전에 취소했다. 김재중은 30일 일본 나고야 아이치 스카이 엑스포에서 열릴 예정이던 ‘2022 재중 라...,2022-10-30 15:18,진향희
4873762,"참사 하루도 안됐는데…PD수첩 “이태원 사고, 당국 문제점 제보해달라”",MBC ‘PD수첩’이 지난 밤 사이 발생한 ‘이태원 압사 사고’와 관련해 현 정부의 사전 대응 관련 문제점에 대한 제보를 받는다고 공지했다가 논란이 일자 일부...,2022-10-30 17:32,진향희
4873721,"김혜수·손흥민→지드래곤, 이태원 참사 애도 물결","핼러윈을 앞두고 서울 용산구 이태원동 일대에서 발생한 대규모 압사 참사로 151명이 사망자가 발생한 가운데, 스타들도 애도의 뜻을 잇따라 전했다. 배우 김혜수...",2022-10-30 16:06,진향희
4873707,‘불후의 명곡’ 측 “깊은 애도…패티김 편 녹화 연기”,가수 패티김의 ‘불후의 명곡’ 녹화가 이태원 참사 애도로 연기된다. 30일 KBS 2TV 예능 프로그램 ‘불후의 명곡’ 측은 “이태원 참사와 관련해 피해자 및 ...,2022-10-30 15:42,진향희
4873736,구준엽♥︎서희원도 대만서 ‘이태원 참사’ 추모,클론 구준엽과 대만 배우 서희원 부부가 ‘이태원 압사 참사’를 애도했다. 30일 구준엽과 서희원은 별다른 멘트 없이 ‘R.I.P’이 적힌 검은 사진을 게재하며 ...,2022-10-30 16:48,진향희
